[Header],,,,,,,
IEMFileVersion,4,,,,,,
Investigator Name,Heather Durand,,,,,,
Experiment Name,Miniseq Test Run,,,,,,
Date,4/6/2017,,,,,,
Workflow,GenerateFASTQ,,,,,,
Application,FASTQ Only,,,,,,
Assay,Custom,,,,,,
Description,none,,,,,,
Chemistry,Default,,,,,,
,,,,,,,
[Reads],,,,,,,
151,,,,,,,
151,,,,,,,
[Settings],,,,,,,
ReverseComplement,0,,,,,,
CreateFastqForIndexReads,1,,,,,,
CustomRead1PrimerMix,C1,,,,,,
CustomIndexPrimerMix,C2,,,,,,
CustomRead2PrimerMix,C3,,,,,,
Adapter,AATGATACGGCGACCACCGAGATCTACAC,,,,,,
,,,,,,,
,,,,,,,
[Data],,,,,,,
Sample_ID,Sample_Name,Sample_Plate,Sample_Well,I7_Index_ID,index,Sample_Project,Description
Test,Test,,,Test,AAAAAAAAAAAA,,
